Your Kindle Notes For:,,,;
SHERLOCK HOLMES: DAS GETUPFTE BAND UND ANDERE DETEKTIVGESCHICHTEN (SHERLOCK HOLMES REIHE 1) (GERMAN EDITION),,,;
by Arthur Conan Doyle,,,;
Free Kindle instant preview:,,,;
https://a.co/bVmDpUj,,,;
----------------------------------------------,,,;
,,,;
"Annotation Type,""Location"",""Starred?"",""Annotation""";
"Highlight (Yellow),""Page 5"","""",""zog""";
"Note,""Page 5"","""",""V""";
"Highlight (Yellow),""Page 5"","""",""zündete""";
"Note,""Page 5"","""",""V""";
"Highlight (Yellow),""Page 5"","""",""warf.""";
"Note,""Page 5"","""",""V""";
"Highlight (Yellow),""Page 5"","""",""saß""";
"Note,""Page 5"","""",""N""";
"Highlight (Yellow),""Page 5"","""",""las,""";
"Note,""Page 5"","""",""V""";
"Highlight (Yellow),""Page 5"","""",""rieb""";
"Note,""Page 5"","""",""V""";
"Highlight (Yellow),""Page 5"","""",""hinausjagen!«""";
"Note,""Page 5"","""",""V""";
"Highlight (Yellow),""Page 5"","""",""wandte""";
"Note,""Page 5"","""",""V""";
"Highlight (Yellow),""Page 5"","""",""legte""";
"Note,""Page 5"","""",""V""";
"Highlight (Yellow),""Page 5"","""",""bot""";
"Note,""Page 5"","""",""V""";
"Highlight (Yellow),""Page 5"","""",""gelten?""";
"Note,""Page 5"","""",""V""";
"Highlight (Yellow),""Page 6"","""",""kam""";
"Note,""Page 6"","""",""V""";
"Highlight (Yellow),""Page 6"","""",""verweigerte.""";
"Note,""Page 6"","""",""V""";
"Highlight (Yellow),""Page 6"","""",""überfahren""";
"Note,""Page 6"","""",""V""";
"Highlight (Yellow),""Page 6"","""",""unterbrach""";
"Note,""Page 6"","""",""V""";
"Highlight (Yellow),""Page 6"","""",""stand""";
"Note,""Page 6"","""",""V""";
"Highlight (Yellow),""Page 6"","""",""eilte""";
"Note,""Page 6"","""",""V""";
"Highlight (Yellow),""Page 6"","""",""hörte""";
"Note,""Page 6"","""",""V""";
"Highlight (Yellow),""Page 6"","""",""fiel""";
"Note,""Page 6"","""",""V""";
"Highlight (Yellow),""Page 6"","""",""verschwand""";
"Note,""Page 6"","""",""V""";
"Highlight (Yellow),""Page 6"","""",""drang""";
"Note,""Page 6"","""",""V""";
"Highlight (Yellow),""Page 6"","""",""konnte.""";
"Note,""Page 6"","""",""V""";
"Highlight (Yellow),""Page 6"","""",""hatte""";
"Note,""Page 6"","""",""V""";
"Highlight (Yellow),""Page 6"","""",""griff""";
"Note,""Page 6"","""",""V""";
"Highlight (Yellow),""Page 6"","""",""blieb""";
"Note,""Page 6"","""",""V""";
"Highlight (Yellow),""Page 6"","""",""haften,""";
"Note,""Page 6"","""",""V""";
"Highlight (Yellow),""Page 7"","""",""ausließ,""";
"Note,""Page 7"","""",""V""";
"Highlight (Yellow),""Page 7"","""",""folgte""";
"Note,""Page 7"","""",""V""";
"Highlight (Yellow),""Page 7"","""",""angeht,""";
"Note,""Page 7"","""",""V""";
"Highlight (Yellow),""Page 7"","""",""wegzulegen,""";
"Note,""Page 7"","""",""V""";
"Highlight (Yellow),""Page 7"","""",""überflog""";
"Note,""Page 7"","""",""V""";
"Highlight (Yellow),""Page 8"","""",""bezeichnen,""";
"Note,""Page 8"","""",""V""";
"Highlight (Yellow),""Page 8"","""",""entsinnen,""";
"Note,""Page 8"","""",""V""";
"Highlight (Yellow),""Page 8"","""",""fiel""";
"Note,""Page 8"","""",""V""";
"Note,""Page 8"","""",""V""";
"Highlight (Yellow),""Page 9"","""",""kannte""";
"Note,""Page 9"","""",""V""";
"Highlight (Yellow),""Page 9"","""",""begleiten""";
"Note,""Page 9"","""",""V""";
"Highlight (Yellow),""Page 9"","""",""bewundern,""";
"Note,""Page 9"","""",""V""";
"Highlight (Yellow),""Page 10"","""",""vorgelegten""";
"Note,""Page 10"","""",""V""";
"Highlight (Yellow),""Page 11"","""",""musterte""";
"Note,""Page 11"","""",""V""";
"Highlight (Yellow),""Page 11"","""",""beugte.""";
"Note,""Page 11"","""",""V""";
"Highlight (Yellow),""Page 11"","""",""Mit dem Ausdruck höchsten Erstaunens starrte die Fremde meinen Freund an.""";
"Highlight (Yellow),""Page 14"","""",""Während seines Aufenthalts in Indien heiratete Dr. Roylott meine Mutter,""";
"Highlight (Yellow),""Page 14"","""",""gab""";
"Highlight (Yellow),""Page 14"","""",""Versuche""";
"Highlight (Yellow),""Page 14"","""",""auf,""";
"Highlight (Yellow),""Page 14"","""",""Hinterlassenschaft""";
"Highlight (Yellow),""Page 14"","""",""Bedürfnisse""";
"Highlight (Yellow),""Page 14"","""",""reichlich""";
"Highlight (Yellow),""Page 14"","""",""deckte,""";
"Highlight (Yellow),""Page 14"","""",""zufriedenes""";
"Highlight (Yellow),""Page 14"","""",""führen""";
"Highlight (Yellow),""Page 14"","""",""ging""";
"Highlight (Yellow),""Page 14"","""",""schreckliche""";
"Highlight (Yellow),""Page 14"","""",""Veränderung""";
"Highlight (Yellow),""Page 14"","""",""vor.""";
"Highlight (Yellow),""Page 14"","""",""Anstatt""";
"Highlight (Yellow),""Page 14"","""",""anzuknüpfen,""";
"Highlight (Yellow),""Page 15"","""",""einziehen""";
"Highlight (Yellow),""Page 15"","""",""schloss""";
"Highlight (Yellow),""Page 15"","""",""ein,""";
"Highlight (Yellow),""Page 15"","""",""jemals""";
"Highlight (Yellow),""Page 15"","""",""verließ,""";
"Highlight (Yellow),""Page 15"","""",""bekam""";
"Highlight (Yellow),""Page 15"","""",""lief,""";
"Highlight (Yellow),""Page 15"","""",""heftigsten""";
"Highlight (Yellow),""Page 15"","""",""Streit.""";
"Highlight (Yellow),""Page 15"","""",""förmlich""";
"Highlight (Yellow),""Page 15"","""",""krankhafter""";
"Highlight (Yellow),""Page 15"","""",""überhaupt""";
"Highlight (Yellow),""Page 15"","""",""Erbstück""";
"Highlight (Yellow),""Page 15"","""",""Aufenthalt""";
"Highlight (Yellow),""Page 15"","""",""Tropen""";
"Highlight (Yellow),""Page 15"","""",""Eigenschaft""";
"Highlight (Yellow),""Page 15"","""",""wohl""";
"Highlight (Yellow),""Page 15"","""",""verstärkt""";
"Highlight (Yellow),""Page 15"","""",""Reihe""";
"Highlight (Yellow),""Page 15"","""",""Streitigkeiten""";
"Highlight (Yellow),""Page 15"","""",""verwickelt""";
"Highlight (Yellow),""Page 15"","""",""Gericht""";
"Highlight (Yellow),""Page 15"","""",""zuletzt""";
"Highlight (Yellow),""Page 15"","""",""Schrecken""";
"Highlight (Yellow),""Page 15"","""",""bloßen""";
"Highlight (Yellow),""Page 15"","""",""Anblick""";
"Highlight (Yellow),""Page 15"","""",""die Flucht ergriff,""";
"Highlight (Yellow),""Page 15"","""",""besitzt""";
"Highlight (Yellow),""Page 15"","""",""Wut""";
"Highlight (Yellow),""Page 15"","""",""warf""";
"Highlight (Yellow),""Page 15"","""",""Dorfschmied""";
"Highlight (Yellow),""Page 15"","""",""Brückengeländer""";
"Highlight (Yellow),""Page 15"","""",""opfern,""";
"Highlight (Yellow),""Page 15"","""",""Angelegenheit""";
"Highlight (Yellow),""Page 15"","""",""hielt""";
"Highlight (Yellow),""Page 15"","""",""außer""";
"Highlight (Yellow),""Page 15"","""",""herumziehenden""";
"Highlight (Yellow),""Page 15"","""",""Zigeunern";"
Highlight (Yellow)"",""Page 15"","""",""Brachland,"""
"Highlight (Yellow),""Page 15"","""",""Besitztum""";
"Highlight (Yellow),""Page 15"","""",""Lager aufschlagen.""";
"Highlight (Yellow),""Page 15"","""",""kehrte""";
"Highlight (Yellow),""Page 15"","""",""Zelten""";
"Highlight (Yellow),""Page 15"","""",""ein,""";
"Highlight (Yellow),""Page 15"","""",""begleitete""";
"Highlight (Yellow),""Page 15"","""",""sogar""";
"Highlight (Yellow),""Page 15"","""",""wochenlang""";
"Highlight (Yellow),""Page 15"","""",""Wanderzügen.""";
"Highlight (Yellow),""Page 15"","""",""leidenschaftliche""";
"Highlight (Yellow),""Page 15"","""",""Vorliebe""";
"Highlight (Yellow),""Page 15"","""",""gegenwärtig""";
"Highlight (Yellow),""Page 15"","""",""Pavian,""";
"Highlight (Yellow),""Page 15"","""",""Anwesen""";
"Highlight (Yellow),""Page 15"","""",""umherlaufen""";
"Highlight (Yellow),""Page 15"","""",""Dorfbewohnern""";
"Highlight (Yellow),""Page 15"","""",""Schrecken""";
"Highlight (Yellow),""Page 15"","""",""einjagen""";
"Highlight (Yellow),""Page 15"","""",""Schilderung""";
"Highlight (Yellow),""Page 16"","""",""Obwohl""";
"Highlight (Yellow),""Page 16"","""",""starb,""";
"Highlight (Yellow),""Page 16"","""",""also""";
"Highlight (Yellow),""Page 16"","""",""eben""";
"Highlight (Yellow),""Page 16"","""",""mitteilen.""";
"Highlight (Yellow),""Page 16"","""",""Umständen""";
"Highlight (Yellow),""Page 16"","""",""Gelegenheit""";
"Highlight (Yellow),""Page 16"","""",""Verkehr""";
"Highlight (Yellow),""Page 16"","""",""Unseresgleichen""";
"Highlight (Yellow),""Page 16"","""",""von Zeit zu Zeit""";
"Highlight (Yellow),""Page 16"","""",""unverheiratete""";
"Highlight (Yellow),""Page 16"","""",""solchen""";
"Highlight (Yellow),""Page 16"","""",""gesetzten""";
"Highlight (Yellow),""Page 16"","""",""verlobte.""";
"Highlight (Yellow),""Page 16"","""",""erhob gegen""";
"Highlight (Yellow),""Page 16"","""",""Einwendung";"
Highlight (Yellow)"",""Page 16"","""",""trat"""
"Highlight (Yellow),""Page 16"","""",""Ereignis""";
"Highlight (Yellow),""Page 16"","""",""ein,""";
"Highlight (Yellow),""Page 16"","""",""einzigen""";
"Highlight (Yellow),""Page 16"","""",""Gefährtin""";
"Highlight (Yellow),""Page 16"","""",""beraubte.«""";
"Highlight (Yellow),""Page 16"","""",""Kissen""";
"Highlight (Yellow),""Page 16"","""",""vergraben,""";
"Highlight (Yellow),""Page 16"","""",""schlug""";
"Highlight (Yellow),""Page 16"","""",""Lider""";
"Highlight (Yellow),""Page 16"","""",""auf""";
"Highlight (Yellow),""Page 16"","""",""Erzählerin.""";
"Highlight (Yellow),""Page 16"","""",""schwer fallen,""";
"Highlight (Yellow),""Page 16"","""",""Vorgänge""";
"Highlight (Yellow),""Page 16"","""",""entsetzlichen""";
"Highlight (Yellow),""Page 16"","""",""unauslöschlich""";
"Highlight (Yellow),""Page 17"","""",""Gedächtnis.""";
"Highlight (Yellow),""Page 17"","""",""Flügel""";
"Highlight (Yellow),""Page 17"","""",""Die Schlafzimmer""";
"Highlight (Yellow),""Page 17"","""",""mittleren""";
"Highlight (Yellow),""Page 17"","""",""Stockwerk""";
"Highlight (Yellow),""Page 17"","""",""besteht""";
"Highlight (Yellow),""Page 17"","""",""dagegen""";
"Highlight (Yellow),""Page 17"","""",""Gang.""";
"Highlight (Yellow),""Page 17"","""",""»Vollkommen.«""";
"Highlight (Yellow),""Page 17"","""",""Rasenplatz""";
"Highlight (Yellow),""Page 17"","""",""jenem""";
"Highlight (Yellow),""Page 17"","""",""zog""";
"Highlight (Yellow),""Page 17"","""",""zeitig""";
"Highlight (Yellow),""Page 17"","""",""trotzdem""";
"Highlight (Yellow),""Page 17"","""",""begeben""";
"Highlight (Yellow),""Page 17"","""",""Geruch""";
"Highlight (Yellow),""Page 17"","""",""belästigt,""";
"Highlight (Yellow),""Page 17"","""",""pflegte.""";
"Highlight (Yellow),""Page 17"","""",""bevorstehende""";
"Highlight (Yellow),""Page 17"","""",""plaudern.""";
"Highlight (Yellow),""Page 17"","""",""Pfeifen""";
"Highlight (Yellow),""Page 17"","""",""vernommen,""";
"Highlight (Yellow),""Page 17"","""",""totenstill""";
"Highlight (Yellow),""Page 17"","""",""seist""";
"Highlight (Yellow),""Page 18"","""",""›Gewiss""";
"Highlight (Yellow),""Page 18"","""",""ertönte""";
"Highlight (Yellow),""Page 18"","""",""Pfiff.""";
"Highlight (Yellow),""Page 18"","""",""Vorplatz""";
"Highlight (Yellow),""Page 18"","""",""Zigeunergesindel""";
"Highlight (Yellow),""Page 18"","""",""herkommen.‹""";
"Highlight (Yellow),""Page 18"","""",""›Höchst""";
"Highlight (Yellow),""Page 18"","""",""wundert""";
"Highlight (Yellow),""Page 18"","""",""fester""";
"Highlight (Yellow),""Page 18"","""",""jedenfalls""";
"Highlight (Yellow),""Page 18"","""",""versetzte""";
"Highlight (Yellow),""Page 18"","""",""Augenblicke""";
"Highlight (Yellow),""Page 18"","""",""abschloss.«""";
"Highlight (Yellow),""Page 18"","""",""»Stets.«""";
"Highlight (Yellow),""Page 18"","""",""taten""";
"Highlight (Yellow),""Page 18"","""",""bereits""";
"Highlight (Yellow),""Page 18"","""",""erwähnt,""";
"Highlight (Yellow),""Page 19"","""",""freilich.""";
"Highlight (Yellow),""Page 19"","""",""jener""";
"Highlight (Yellow),""Page 19"","""",""unbestimmtes""";
"Highlight (Yellow),""Page 19"","""",""drohenden""";
"Highlight (Yellow),""Page 19"","""",""Unheils""";
"Highlight (Yellow),""Page 19"","""",""bedrückte""";
"Highlight (Yellow),""Page 19"","""",""unheimliche""";
"Highlight (Yellow),""Page 19"","""",""Läden.""";
"Highlight (Yellow),""Page 19"","""",""ertönte""";
"Highlight (Yellow),""Page 19"","""",""mitten durch""";
"Highlight (Yellow),""Page 19"","""",""Tosen des Sturmes""";
"Highlight (Yellow),""Page 19"","""",""Angstschrei.""";
"Highlight (Yellow),""Page 19"","""",""erkannte""";
"Highlight (Yellow),""Page 19"","""",""Rasch""";
"Highlight (Yellow),""Page 19"","""",""stürzte""";
"Highlight (Yellow),""Page 19"","""",""hinaus.""";
"Highlight (Yellow),""Page 19"","""",""klingendes""";
"Highlight (Yellow),""Page 19"","""",""Geräusch""";
"Highlight (Yellow),""Page 19"","""",""Gegenstandes.""";
"Highlight (Yellow),""Page 19"","""",""aufgeklinkt""";
"Highlight (Yellow),""Page 19"","""",""Starr vor Angst""";
"Highlight (Yellow),""Page 19"","""",""Schein""";
"Highlight (Yellow),""Page 19"","""",""Flurlampe""";
"Highlight (Yellow),""Page 19"","""",""erscheinen";"
Highlight (Yellow)"",""Page 19"","""",""schreckensbleich,"""
"Highlight (Yellow),""Page 19"","""",""hilfesuchend""";
"Highlight (Yellow),""Page 19"","""",""ausgestreckt,""";
"Highlight (Yellow),""Page 19"","""",""schwankte""";
"Highlight (Yellow),""Page 19"","""",""berauscht.""";
"Highlight (Yellow),""Page 19"","""",""schlang""";
"Highlight (Yellow),""Page 19"","""",""versagten""";
"Highlight (Yellow),""Page 19"","""",""stürzte zu Boden,""";
"Highlight (Yellow),""Page 19"","""",""wand""";
"Highlight (Yellow),""Page 19"","""",""krümmte""";
"Highlight (Yellow),""Page 19"","""",""furchtbaren""";
"Highlight (Yellow),""Page 19"","""",""Glieder""";
"Highlight (Yellow),""Page 19"","""",""zogen""";
"Highlight (Yellow),""Page 19"","""",""krampfhaft""";
"Highlight (Yellow),""Page 19"","""",""zuckend""";
"Highlight (Yellow),""Page 19"","""",""zusammen.""";
"Highlight (Yellow),""Page 19"","""",""meinte""";
"Highlight (Yellow),""Page 19"","""",""beugte,""";
"Highlight (Yellow),""Page 19"","""",""stieß""";
"Highlight (Yellow),""Page 20"","""",""abgebrochenen,""";
"Highlight (Yellow),""Page 20"","""",""undeutlichen""";
"Highlight (Yellow),""Page 20"","""",""Worte""";
"Highlight (Yellow),""Page 20"","""",""hervor:""";
"Highlight (Yellow),""Page 20"","""",""deutete,""";
"Highlight (Yellow),""Page 20"","""",""grässlicher""";
"Highlight (Yellow),""Page 20"","""",""Krampfanfall""";
"Highlight (Yellow),""Page 20"","""",""erstickte.""";
"Highlight (Yellow),""Page 20"","""",""herbeiholen""";
"Highlight (Yellow),""Page 20"","""",""bereits""";
"Highlight (Yellow),""Page 20"","""",""Schlafrock""";
"Highlight (Yellow),""Page 20"","""",""entgegengeeilt.""";
"Highlight (Yellow),""Page 20"","""",""trat,""";
"Highlight (Yellow),""Page 20"","""",""Bewusstsein""";
"Highlight (Yellow),""Page 20"","""",""flößte""";
"Highlight (Yellow),""Page 20"","""",""ein""";
"Highlight (Yellow),""Page 20"","""",""nützte""";
"Highlight (Yellow),""Page 20"","""",""schwächer""";
"Highlight (Yellow),""Page 20"","""",""Umstände,""";
"Highlight (Yellow),""Page 20"","""",""Klang""";
"Highlight (Yellow),""Page 20"","""",""wahrgenommen?""";
"Highlight (Yellow),""Page 20"","""",""schwören?«""";
"Highlight (Yellow),""Page 20"","""",""»Dasselbe""";
"Highlight (Yellow),""Page 20"","""",""Gerichtsarzt""";
"Highlight (Yellow),""Page 20"","""",""Totenschau.""";
"Highlight (Yellow),""Page 20"","""",""zwar""";
"Highlight (Yellow),""Page 20"","""",""durchaus""";
"Highlight (Yellow),""Page 20"","""",""Eindruck,""";
"Highlight (Yellow),""Page 20"","""",""getäuscht""";
"Highlight (Yellow),""Page 20"","""",""Fugen.«""";
"Highlight (Yellow),""Page 20"","""",""angekleidet?«""";
"Highlight (Yellow),""Page 20"","""",""Nachtgewand.""";
"Highlight (Yellow),""Page 20"","""",""herabgebranntes""";
"Highlight (Yellow),""Page 20"","""",""Lichtstümpfchen""";
"Highlight (Yellow),""Page 20"","""",""Streichholzschachtel.""";
"Highlight (Yellow),""Page 21"","""",""Lichtschalter""";
"Highlight (Yellow),""Page 21"","""",""Steckdose""";
"Highlight (Yellow),""Page 21"","""",""vorhanden,""";
"Highlight (Yellow),""Page 21"","""",""anzuschließen.""";
"Highlight (Yellow),""Page 21"","""",""bereit.«""";
"Highlight (Yellow),""Page 21"","""",""also""";
"Highlight (Yellow),""Page 21"","""",""umgeschaut,""";
"Highlight (Yellow),""Page 21"","""",""entstand.""";
"Highlight (Yellow),""Page 21"","""",""Ergebnis""";
"Highlight (Yellow),""Page 21"","""",""gelangte""";
"Highlight (Yellow),""Page 21"","""",""Leichenbeschauer?«""";
"Highlight (Yellow),""Page 21"","""",""sorgfältig,""";
"Highlight (Yellow),""Page 21"","""",""auffallende""";
"Highlight (Yellow),""Page 21"","""",""Treiben""";
"Highlight (Yellow),""Page 21"","""",""Grafschaft""";
"Highlight (Yellow),""Page 21"","""",""imstande,""";
"Highlight (Yellow),""Page 21"","""",""Todesursache""";
"Highlight (Yellow),""Page 21"","""",""Mitteilungen""";
"Highlight (Yellow),""Page 21"","""",""altmodische Läden""";
"Highlight (Yellow),""Page 21"","""",""Eisenstäben""";
"Highlight (Yellow),""Page 21"","""",""verrammelt,""";
"Highlight (Yellow),""Page 21"","""",""vorgelegt""";
"Highlight (Yellow),""Page 21"","""",""nirgends""";
"Highlight (Yellow),""Page 21"","""",""Anhaltspunkt""";
"Highlight (Yellow),""Page 21"","""",""Kamin""";
"Highlight (Yellow),""Page 21"","""",""vergittert.""";
"Highlight (Yellow),""Page 21"","""",""zweifellos""";
"Highlight (Yellow),""Page 21"","""",""Geschick""";
"Highlight (Yellow),""Page 21"","""",""ereilte.""";
"Highlight (Yellow),""Page 21"","""",""Einwirkung""";
"Highlight (Yellow),""Page 21"","""",""äußerer""";
"Highlight (Yellow),""Page 21"","""",""Gewalt""";
"Highlight (Yellow),""Page 21"","""",""Gift""";
"Highlight (Yellow),""Page 21"","""",""Leiche""";
"Highlight (Yellow),""Page 21"","""",""Ansicht""";
"Highlight (Yellow),""Page 21"","""",""Ursache""";
"Highlight (Yellow),""Page 21"","""",""bedauerlichen""";
"Highlight (Yellow),""Page 22"","""",""infolge""";
"Highlight (Yellow),""Page 22"","""",""hervorgerufenen""";
"Highlight (Yellow),""Page 22"","""",""Nervenerschütterung""";
"Highlight (Yellow),""Page 22"","""",""»Hielten""";
"Highlight (Yellow),""Page 22"","""",""auf?«""";
"Highlight (Yellow),""Page 22"","""",""»Jawohl";"
Highlight (Yellow)"",""Page 22"","""",""Andeutung"""
"Highlight (Yellow),""Page 22"","""",""Ausgeburt des Fieberwahns""";
"Highlight (Yellow),""Page 22"","""",""Bande""";
"Highlight (Yellow),""Page 22"","""",""bezogen""";
"Highlight (Yellow),""Page 22"","""",""getupften""";
"Highlight (Yellow),""Page 22"","""",""Tücher,""";
"Highlight (Yellow),""Page 22"","""",""Bezeichnung""";
"Highlight (Yellow),""Page 22"","""",""Anlass""";
"Highlight (Yellow),""Page 22"","""",""befriedigt.""";
"Highlight (Yellow),""Page 22"","""",""vergangen,""";
"Highlight (Yellow),""Page 22"","""",""einsamer""";
"Highlight (Yellow),""Page 22"","""",""je.""";
"Highlight (Yellow),""Page 22"","""",""jedoch""";
"Highlight (Yellow),""Page 22"","""",""angehalten.""";
"Highlight (Yellow),""Page 23"","""",""Ausbesserungen""";
"Highlight (Yellow),""Page 23"","""",""vorgenommen.""";
"Highlight (Yellow),""Page 23"","""",""beziehen""";
"Highlight (Yellow),""Page 23"","""",""vernahm,""";
"Highlight (Yellow),""Page 23"","""",""verkündet""";
"Highlight (Yellow),""Page 23"","""",""vermochte""";
"Highlight (Yellow),""Page 23"","""",""Beunruhigendes""";
"Highlight (Yellow),""Page 23"","""",""aufgeregt,""";
"Highlight (Yellow),""Page 23"","""",""schlich""";
"Highlight (Yellow),""Page 23"","""",""dämmerte,""";
"Highlight (Yellow),""Page 23"","""",""ließ""";
"Highlight (Yellow),""Page 23"","""",""Vernünftigste,""";
"Highlight (Yellow),""Page 23"","""",""»Gewiss,""";
"Highlight (Yellow),""Page 23"","""",""überzeugt""";
"Highlight (Yellow),""Page 23"","""",""schonen""";
"Highlight (Yellow),""Page 23"","""",""damit""";
"Highlight (Yellow),""Page 23"","""",""Manschette""";
"Highlight (Yellow),""Page 23"","""",""Handgelenk""";
"Highlight (Yellow),""Page 23"","""",""Male,""";
"Highlight (Yellow),""Page 23"","""",""sichtlich""";
"Highlight (Yellow),""Page 23"","""",""herrührend,""";
"Highlight (Yellow),""Page 23"","""",""zeichneten""";
"Highlight (Yellow),""Page 24"","""",""ab.""";
"Highlight (Yellow),""Page 24"","""",""misshandelt""";
"Highlight (Yellow),""Page 24"","""",""errötend""";
"Highlight (Yellow),""Page 24"","""",""rauer""";
"Highlight (Yellow),""Page 24"","""",""kaum""";
"Highlight (Yellow),""Page 24"","""",""Schweigen""";
"Highlight (Yellow),""Page 24"","""",""Kinn""";
"Highlight (Yellow),""Page 24"","""",""stützend,""";
"Highlight (Yellow),""Page 24"","""",""rätselhafte""";
"Highlight (Yellow),""Page 24"","""",""schlüssig""";
"Highlight (Yellow),""Page 24"","""",""einschlagen""";
"Highlight (Yellow),""Page 24"","""",""Ließe""";
"Highlight (Yellow),""Page 24"","""",""wohl""";
"Highlight (Yellow),""Page 24"","""",""besichtigen""";
"Highlight (Yellow),""Page 24"","""",""zufällig""";
"Highlight (Yellow),""Page 24"","""",""erwähnt,""";
"Highlight (Yellow),""Page 24"","""",""Angelegenheit""";
"Highlight (Yellow),""Page 24"","""",""Vermutlich""";
"Highlight (Yellow),""Page 24"","""",""ungestört.""";
"Highlight (Yellow),""Page 24"","""",""gegenwärtig""";
"Highlight (Yellow),""Page 24"","""",""einfältig""";
"Highlight (Yellow),""Page 24"","""",""Weile""";
"Highlight (Yellow),""Page 24"","""",""entfernen.«""";
"Highlight (Yellow),""Page 24"","""",""Ausflug,""";
"Highlight (Yellow),""Page 24"","""",""Geringste.«""";
"Highlight (Yellow),""Page 24"","""",""einfinden.""";
"Highlight (Yellow),""Page 24"","""",""besorgen,""";
"Highlight (Yellow),""Page 25"","""",""erledigen.""";
"Highlight (Yellow),""Page 25"","""",""bedrückt.""";
"Highlight (Yellow),""Page 25"","""",""hältst""";
"Highlight (Yellow),""Page 25"","""",""sogar.«""";
"Highlight (Yellow),""Page 25"","""",""tatsächlich""";
"Highlight (Yellow),""Page 25"","""",""unzweifelhaft""";
"Highlight (Yellow),""Page 25"","""",""eigentümliche""";
"Highlight (Yellow),""Page 25"","""",""Äußerung""";
"Highlight (Yellow),""Page 26"","""",""Anwesenheit""";
"Highlight (Yellow),""Page 26"","""",""Tatsache,""";
"Highlight (Yellow),""Page 26"","""",""offenbar""";
"Highlight (Yellow),""Page 26"","""",""verhindern,""";
"Highlight (Yellow),""Page 26"","""",""Verdachtsmomente.""";
"Highlight (Yellow),""Page 26"","""",""und der sehr wohl von der Wiederbefestigung der Vorlegestange an einem Fensterladen herrühren konnte,""";
"Note,""Page 26"","""",""Traduzir""";
"Highlight (Yellow),""Page 26"","""",""Rätsels""";
"Highlight (Yellow),""Page 26"","""",""allerdings""";
"Highlight (Yellow),""Page 26"","""",""Auffassung""";
"Highlight (Yellow),""Page 26"","""",""ließe""";
"Highlight (Yellow),""Page 26"","""",""einwenden.«""";
"Highlight (Yellow),""Page 26"","""",""zugeben";"
Highlight (Yellow)"",""Page 26"","""",""Einwendungen"""
"Highlight (Yellow),""Page 26"","""",""stichhaltig""";
"Highlight (Yellow),""Page 26"","""",""beseitigen""";
"Highlight (Yellow),""Page 26"","""",""nämlich""";
"Highlight (Yellow),""Page 26"","""",""aufgeflogen,""";
"Highlight (Yellow),""Page 26"","""",""gewaltige""";
"Highlight (Yellow),""Page 26"","""",""Männergestalt""";
"Highlight (Yellow),""Page 26"","""",""sonderbaren,""";
"Highlight (Yellow),""Page 26"","""",""gelehrten,""";
"Highlight (Yellow),""Page 26"","""",""Aufzug""";
"Highlight (Yellow),""Page 26"","""",""Rahmen""";
"Highlight (Yellow),""Page 26"","""",""aufgepflanzt.""";
"Highlight (Yellow),""Page 26"","""",""Eindringling""";
"Highlight (Yellow),""Page 26"","""",""Schößen,""";
"Highlight (Yellow),""Page 26"","""",""dazu""";
"Highlight (Yellow),""Page 26"","""",""Stulpenstiefel,""";
"Highlight (Yellow),""Page 26"","""",""Reitpeitsche.""";
"Highlight (Yellow),""Page 27"","""",""buchstäblich""";
"Highlight (Yellow),""Page 27"","""",""Türbalken""";
"Highlight (Yellow),""Page 27"","""",""anstieß,""";
"Highlight (Yellow),""Page 27"","""",""umfangreich,""";
"Highlight (Yellow),""Page 27"","""",""schien.""";
"Highlight (Yellow),""Page 27"","""",""breiten,""";
"Highlight (Yellow),""Page 27"","""",""zahllosen""";
"Highlight (Yellow),""Page 27"","""",""Runzeln""";
"Highlight (Yellow),""Page 27"","""",""übersäten,""";
"Highlight (Yellow),""Page 27"","""",""spiegelten""";
"Highlight (Yellow),""Page 27"","""",""Leidenschaften.""";
"Highlight (Yellow),""Page 27"","""",""wandte""";
"Highlight (Yellow),""Page 27"","""",""zu,""";
"Highlight (Yellow),""Page 27"","""",""tiefliegenden,""";
"Highlight (Yellow),""Page 27"","""",""weitvorstehende""";
"Highlight (Yellow),""Page 27"","""",""schmale,""";
"Highlight (Yellow),""Page 27"","""",""fleischlose""";
"Highlight (Yellow),""Page 27"","""",""grimmigen""";
"Highlight (Yellow),""Page 27"","""",""Raubvogels.""";
"Highlight (Yellow),""Page 27"","""",""unverschämtem""";
"Highlight (Yellow),""Page 27"","""",""Vergnügen""";
"Highlight (Yellow),""Page 27"","""",""verbindlich.""";
"Highlight (Yellow),""Page 27"","""",""dagewesen.""";
"Highlight (Yellow),""Page 27"","""",""nachgegangen.""";
"Highlight (Yellow),""Page 27"","""",""wütend.""";
"Highlight (Yellow),""Page 27"","""",""Krokusblüte""";
"Highlight (Yellow),""Page 27"","""",""anlassen«,""";
"Highlight (Yellow),""Page 28"","""",""unerschütterlich""";
"Highlight (Yellow),""Page 28"","""",""Winkelzüge«,""";
"Highlight (Yellow),""Page 28"","""",""Kerl,""";
"Highlight (Yellow),""Page 28"","""",""vortrat""";
"Highlight (Yellow),""Page 28"","""",""Schurke.""";
"Highlight (Yellow),""Page 28"","""",""Schnüffler!«""";
"Highlight (Yellow),""Page 28"","""",""Lückenbüßer!«""";
"Highlight (Yellow),""Page 28"","""",""Kriminalpolizeispitzel!«""";
"Highlight (Yellow),""Page 28"","""",""zieht""";
"Highlight (Yellow),""Page 28"","""",""entschieden.«""";
"Highlight (Yellow),""Page 28"","""",""Quere""";
"Highlight (Yellow),""Page 28"","""",""Schürhaken""";
"Highlight (Yellow),""Page 28"","""",""bog""";
"Highlight (Yellow),""Page 28"","""",""mächtigen""";
"Highlight (Yellow),""Page 28"","""",""krumm.""";
"Highlight (Yellow),""Page 28"","""",""unter die Finger kommen!«""";
"Highlight (Yellow),""Page 28"","""",""liebenswürdiger""";
"Highlight (Yellow),""Page 28"","""",""Kumpan«,""";
"Highlight (Yellow),""Page 29"","""",""vierschrötig""";
"Highlight (Yellow),""Page 29"","""",""stählernen""";
"Highlight (Yellow),""Page 29"","""",""Ruck""";
"Highlight (Yellow),""Page 29"","""",""unverschämter""";
"Highlight (Yellow),""Page 29"","""",""Zwischenfall""";
"Highlight (Yellow),""Page 29"","""",""verleiht""";
"Highlight (Yellow),""Page 29"","""",""Vorhaben""";
"Highlight (Yellow),""Page 29"","""",""Reiz""";
"Highlight (Yellow),""Page 29"","""",""bloß,""";
"Highlight (Yellow),""Page 29"","""",""Schutzbefohlene""";
"Highlight (Yellow),""Page 29"","""",""Unvorsichtigkeit""";
"Highlight (Yellow),""Page 29"","""",""büßen""";
"Highlight (Yellow),""Page 29"","""",""Gerichtsregistratur""";
"Highlight (Yellow),""Page 29"","""",""verschaffen""";
"Highlight (Yellow),""Page 29"","""",""bedeckt""";
"Highlight (Yellow),""Page 29"","""",""erfassen,""";
"Highlight (Yellow),""Page 29"","""",""Anlagepapiere""";
"Highlight (Yellow),""Page 29"","""",""ausrechnen,""";
"Highlight (Yellow),""Page 29"","""",""Gesamtbetrag,""";
"Highlight (Yellow),""Page 29"","""",""beläuft""";
"Highlight (Yellow),""Page 29"","""",""infolge""";
"Highlight (Yellow),""Page 29"","""",""Rückgangs""";
"Highlight (Yellow),""Page 29"","""",""Verehelichung""";
"Highlight (Yellow),""Page 29"","""",""ansprechen.""";
"Highlight (Yellow),""Page 29"","""",""augenscheinlich,""";
"Highlight (Yellow),""Page 29"","""",""Herrlichkeit""";
"Highlight (Yellow),""Page 29"","""",""blutwenig""";
"Highlight (Yellow),""Page 29"","""",""Abfindung""";
"Highlight (Yellow),""Page 29"","""",""empfindliche""";
"Highlight (Yellow),""Page 29"","""",""Einbuße""";
"Highlight (Yellow),""Page 30"","""",""verursacht""";
"Highlight (Yellow),""Page 30"","""",""angewendet";"
Highlight (Yellow)"",""Page 30"","""",""Beweis"""
"Highlight (Yellow),""Page 30"","""",""daran""";
"Highlight (Yellow),""Page 30"","""",""gelegen""";
"Highlight (Yellow),""Page 30"","""",""verhindern.""";
"Highlight (Yellow),""Page 30"","""",""zumal""";
"Highlight (Yellow),""Page 30"","""",""Angelegenheiten""";
"Highlight (Yellow),""Page 30"","""",""beschäftigen.""";
"Highlight (Yellow),""Page 30"","""",""stecke""";
"Highlight (Yellow),""Page 30"","""",""ein.""";
"Highlight (Yellow),""Page 30"","""",""Herrschaften,""";
"Highlight (Yellow),""Page 30"","""",""stählerne""";
"Highlight (Yellow),""Page 30"","""",""Schürhaken""";
"Highlight (Yellow),""Page 30"","""",""krumm""";
"Highlight (Yellow),""Page 30"","""",""biegen,""";
"Highlight (Yellow),""Page 30"","""",""Kamm""";
"Highlight (Yellow),""Page 30"","""",""herrlicher""";
"Highlight (Yellow),""Page 30"","""",""Hecken""";
"Highlight (Yellow),""Page 30"","""",""erglänzten""";
"Highlight (Yellow),""Page 30"","""",""Geruch""";
"Highlight (Yellow),""Page 30"","""",""feuchten""";
"Highlight (Yellow),""Page 30"","""",""Erdreichs""";
"Highlight (Yellow),""Page 30"","""",""Lebhaft""";
"Highlight (Yellow),""Page 30"","""",""empfand""";
"Highlight (Yellow),""Page 30"","""",""eigentümlichen""";
"Highlight (Yellow),""Page 30"","""",""Gegensatz""";
"Highlight (Yellow),""Page 30"","""",""tief""";
"Highlight (Yellow),""Page 30"","""",""gedrückt,""";
"Highlight (Yellow),""Page 30"","""",""gesenktem""";
"Highlight (Yellow),""Page 30"","""",""Haupt,""";
"Highlight (Yellow),""Page 30"","""",""klopfte""";
"Highlight (Yellow),""Page 30"","""",""deutete""";
"Highlight (Yellow),""Page 30"","""",""dichter""";
"Highlight (Yellow),""Page 30"","""",""zog""";
"Highlight (Yellow),""Page 30"","""",""jenseits""";
"Highlight (Yellow),""Page 30"","""",""hinauf,""";
"Note,""Page 30"","""",""Add""";
"Highlight (Yellow),""Page 30"","""",""bekränzt""";
"Highlight (Yellow),""Page 31"","""",""Dickicht""";
"Highlight (Yellow),""Page 31"","""",""ragte""";
"Highlight (Yellow),""Page 31"","""",""Dachfirst""";
"Highlight (Yellow),""Page 31"","""",""erwiderte""";
"Highlight (Yellow),""Page 31"","""",""Umbau""";
"Highlight (Yellow),""Page 31"","""",""Dächer""";
"Highlight (Yellow),""Page 31"","""",""sichtbar""";
"Highlight (Yellow),""Page 31"","""",""einschlagen.""";
"Highlight (Yellow),""Page 31"","""",""Einfachste""";
"Highlight (Yellow),""Page 31"","""",""Fahrgeld.""";
"Highlight (Yellow),""Page 31"","""",""zweckmäßig«,""";
"Highlight (Yellow),""Page 31"","""",""geschäftlichen""";
"Highlight (Yellow),""Page 31"","""",""Zweck""";
"Highlight (Yellow),""Page 31"","""",""beugt""";
"Highlight (Yellow),""Page 31"","""",""unnützem""";
"Highlight (Yellow),""Page 32"","""",""Schutzbefohlene""";
"Highlight (Yellow),""Page 32"","""",""sehnlich""";
"Highlight (Yellow),""Page 32"","""",""geschickt""";
"Highlight (Yellow),""Page 32"","""",""gefügt.""";
"Highlight (Yellow),""Page 32"","""",""unterdessen""";
"Highlight (Yellow),""Page 32"","""",""Vergnügen""";
"Highlight (Yellow),""Page 32"","""",""entgegnete""";
"Highlight (Yellow),""Page 32"","""",""flüchtige""";
"Highlight (Yellow),""Page 32"","""",""Schilderung""";
"Highlight (Yellow),""Page 32"","""",""Kunde""";
"Highlight (Yellow),""Page 32"","""",""fassungslos.""";
"Highlight (Yellow),""Page 32"","""",""schlau,""";
"Highlight (Yellow),""Page 32"","""",""eigentlich""";
"Highlight (Yellow),""Page 32"","""",""einschließen.""";
"Highlight (Yellow),""Page 32"","""",""gewalttätig,""";
"Highlight (Yellow),""Page 32"","""",""Kräften""";
"Highlight (Yellow),""Page 32"","""",""ausnützen,""";
"Highlight (Yellow),""Page 32"","""",""besichtigen""";
"Highlight (Yellow),""Page 32"","""",""moosbewachsenen""";
"Highlight (Yellow),""Page 32"","""",""Quadersteinen""";
"Highlight (Yellow),""Page 32"","""",""geschweifter""";
"Highlight (Yellow),""Page 32"","""",""Flügel""";
"Highlight (Yellow),""Page 32"","""",""auslief.""";
"Highlight (Yellow),""Page 32"","""",""zerbrochenen""";
"Highlight (Yellow),""Page 33"","""",""Brettern""";
"Highlight (Yellow),""Page 33"","""",""vernagelt,""";
"Highlight (Yellow),""Page 33"","""",""teilweise""";
"Highlight (Yellow),""Page 33"","""",""eingestürzt""";
"Highlight (Yellow),""Page 33"","""",""Verfalls.""";
"Highlight (Yellow),""Page 33"","""",""verhältnismäßig""";
"Highlight (Yellow),""Page 33"","""",""Vorhänge""";
"Highlight (Yellow),""Page 33"","""",""Rauch,""";
"Highlight (Yellow),""Page 33"","""",""Schornsteinen""";
"Highlight (Yellow),""Page 33"","""",""kräuselte,""";
"Highlight (Yellow),""Page 33"","""",""Außenwand""";
"Highlight (Yellow),""Page 33"","""",""Gerüst""";
"Highlight (Yellow),""Page 33"","""",""aufgeschlagen""";
"Highlight (Yellow),""Page 33"","""",""durchgebrochen";"
Highlight (Yellow)"",""Page 33"","""",""weit und breit"""
"Highlight (Yellow),""Page 33"","""",""gepflegten""";
"Highlight (Yellow),""Page 33"","""",""Rasen""";
"Highlight (Yellow),""Page 33"","""",""auf und ab""";
"Highlight (Yellow),""Page 33"","""",""Peinlichste""";
"Highlight (Yellow),""Page 33"","""",""gegenwärtig""";
"Highlight (Yellow),""Page 33"","""",""baulichen""";
"Highlight (Yellow),""Page 33"","""",""vermutlich,""";
"Highlight (Yellow),""Page 33"","""",""Ausbesserung""";
"Highlight (Yellow),""Page 33"","""",""lediglich""";
"Highlight (Yellow),""Page 33"","""",""Vorwand""";
"Highlight (Yellow),""Page 33"","""",""vertreiben.«""";
"Highlight (Yellow),""Page 33"","""",""münden?""";
"Highlight (Yellow),""Page 34"","""",""sowieso""";
"Highlight (Yellow),""Page 34"","""",""unzugänglich.""";
"Highlight (Yellow),""Page 34"","""",""Läden""";
"Highlight (Yellow),""Page 34"","""",""vorgelegt""";
"Highlight (Yellow),""Page 34"","""",""sorgfältig""";
"Highlight (Yellow),""Page 34"","""",""Weise""";
"Highlight (Yellow),""Page 34"","""",""Versuch,""";
"Highlight (Yellow),""Page 34"","""",""aufzubrechen,""";
"Highlight (Yellow),""Page 34"","""",""Nirgends""";
"Highlight (Yellow),""Page 34"","""",""geringste""";
"Highlight (Yellow),""Page 34"","""",""Spalt,""";
"Highlight (Yellow),""Page 34"","""",""ansetzen""";
"Highlight (Yellow),""Page 34"","""",""Stange""";
"Highlight (Yellow),""Page 34"","""",""lockern.""";
"Highlight (Yellow),""Page 34"","""",""Angeln,""";
"Highlight (Yellow),""Page 34"","""",""Eisen""";
"Highlight (Yellow),""Page 34"","""",""Mauerwerk.""";
"Highlight (Yellow),""Page 34"","""",""Kinn,""";
"Highlight (Yellow),""Page 34"","""",""Annahme""";
"Highlight (Yellow),""Page 34"","""",""stößt""";
"Highlight (Yellow),""Page 34"","""",""allerdings""";
"Highlight (Yellow),""Page 34"","""",""Nun,""";
"Highlight (Yellow),""Page 34"","""",""innere""";
"Highlight (Yellow),""Page 34"","""",""Besichtigung""";
"Highlight (Yellow),""Page 34"","""",""Seitentür""";
"Highlight (Yellow),""Page 34"","""",""weißgetünchten""";
"Highlight (Yellow),""Page 34"","""",""mündeten.""";
"Highlight (Yellow),""Page 34"","""",""begaben""";
"Highlight (Yellow),""Page 34"","""",""sogleich""";
"Highlight (Yellow),""Page 34"","""",""gemütlicher""";
"Highlight (Yellow),""Page 34"","""",""niederer""";
"Highlight (Yellow),""Page 34"","""",""Landsitzen""";
"Highlight (Yellow),""Page 34"","""",""Ecke,""";
"Highlight (Yellow),""Page 34"","""",""bezogenes""";
"Highlight (Yellow),""Page 35"","""",""Einrichtung.""";
"Highlight (Yellow),""Page 35"","""",""eichene""";
"Highlight (Yellow),""Page 35"","""",""wurmstichig,""";
"Highlight (Yellow),""Page 35"","""",""stammen,""";
"Highlight (Yellow),""Page 35"","""",""schob""";
"Highlight (Yellow),""Page 35"","""",""ringsumher""";
"Highlight (Yellow),""Page 35"","""",""stumm""";
"Highlight (Yellow),""Page 35"","""",""Genauigkeit.""";
"Highlight (Yellow),""Page 35"","""",""Klingel?«""";
"Highlight (Yellow),""Page 35"","""",""dicken""";
"Highlight (Yellow),""Page 35"","""",""Klingelzug,""";
"Highlight (Yellow),""Page 35"","""",""herabhing,""";
"Highlight (Yellow),""Page 35"","""",""Quaste""";
"Highlight (Yellow),""Page 35"","""",""Kissen""";
"Highlight (Yellow),""Page 35"","""",""ruhte.""";
"Highlight (Yellow),""Page 35"","""",""übrige""";
"Highlight (Yellow),""Page 35"","""",""angebracht.«""";
"Highlight (Yellow),""Page 35"","""",""»Vermutlich""";
"Highlight (Yellow),""Page 35"","""",""Verlangen""";
"Highlight (Yellow),""Page 35"","""",""soviel ich weiß,""";
"Highlight (Yellow),""Page 35"","""",""gewohnt,""";
"Highlight (Yellow),""Page 35"","""",""wahrhaftig""";
"Highlight (Yellow),""Page 35"","""",""überflüssig,""";
"Highlight (Yellow),""Page 35"","""",""anzubringen.""";
"Highlight (Yellow),""Page 35"","""",""umsehe.«""";
"Highlight (Yellow),""Page 35"","""",""Spalte""";
"Highlight (Yellow),""Page 35"","""",""Dielen""";
"Highlight (Yellow),""Page 35"","""",""Genaueste""";
"Highlight (Yellow),""Page 35"","""",""Hierauf""";
"Highlight (Yellow),""Page 36"","""",""ebenso""";
"Highlight (Yellow),""Page 36"","""",""sorgfältig.""";
"Highlight (Yellow),""Page 36"","""",""trat""";
"Highlight (Yellow),""Page 36"","""",""betrachtete""";
"Highlight (Yellow),""Page 36"","""",""abgleiten""";
"Highlight (Yellow),""Page 36"","""",""fasste""";
"Highlight (Yellow),""Page 36"","""",""Glockenzug""";
"Highlight (Yellow),""Page 36"","""",""tat""";
"Highlight (Yellow),""Page 36"","""",""tüchtigen""";
"Highlight (Yellow),""Page 36"","""",""Scheinklingel!«""";
"Highlight (Yellow),""Page 36"","""",""»Läutet""";
"Highlight (Yellow),""Page 36"","""",""Draht""";
"Highlight (Yellow),""Page 36"","""",""befestigt.""";
"Highlight (Yellow),""Page 36"","""",""Luftloch""";
"Highlight (Yellow),""Page 36"","""",""Haken""";
"Highlight (Yellow),""Page 36"","""",""festgemacht.«""";
"Highlight (Yellow),""Page 36"","""",""»Wie seltsam!""";
"Highlight (Yellow),""Page 36"","""",""aufgefallen.«""";
"Highlight (Yellow),""Page 36"","""",""wunderlich!«""";
"Highlight (Yellow),""Page 36"","""",""vollkommener""";
"Highlight (Yellow),""Page 36"","""",""Narr""";
"Highlight (Yellow),""Page 36"","""",""Freie""";
"Highlight (Yellow),""Page 36"","""",""stammt""";
"Highlight (Yellow),""Page 36"","""",""ebenfalls""";
"Highlight (Yellow),""Page 36"","""",""zugleich""";
"Highlight (Yellow),""Page 36"","""",""Glockenzug""";
"Highlight (Yellow),""Page 36"","""",""Änderungen""";
"Highlight (Yellow),""Page 36"","""",""vorgenommen.«""";
"Highlight (Yellow),""Page 37"","""",""Art""";
"Highlight (Yellow),""Page 37"","""",""Scheinklingeln""";
"Highlight (Yellow),""Page 37"","""",""zuführen.""";
"Highlight (Yellow),""Page 37"","""",""ebenso""";
"Highlight (Yellow),""Page 37"","""",""eingerichtet.""";
"Highlight (Yellow),""Page 37"","""",""Feldbett,""";
"Highlight (Yellow),""Page 37"","""",""Gestell""";
"Highlight (Yellow),""Page 37"","""",""eiserner""";
"Highlight (Yellow),""Page 37"","""",""Geldschrank""";
"Highlight (Yellow),""Page 37"","""",""schärfsten""";
"Highlight (Yellow),""Page 37"","""",""klopfend.""";
"Highlight (Yellow),""Page 37"","""",""sonderbaren""";
"Highlight (Yellow),""Page 37"","""",""Einfall?«""";
"Highlight (Yellow),""Page 38"","""",""eben""";
"Highlight (Yellow),""Page 38"","""",""Bedürfnisse""";
"Highlight (Yellow),""Page 38"","""",""ergründen.«""";
"Highlight (Yellow),""Page 38"","""",""kniete""";
"Highlight (Yellow),""Page 38"","""",""hin""";
"Highlight (Yellow),""Page 38"","""",""festgestellt«,""";
"Highlight (Yellow),""Page 38"","""",""Hundepeitsche,""";
"Highlight (Yellow),""Page 38"","""",""hing""";
"Highlight (Yellow),""Page 38"","""",""Schnur""";
"Highlight (Yellow),""Page 38"","""",""zusammengeknüpft""";
"Highlight (Yellow),""Page 38"","""",""Schleife""";
"Highlight (Yellow),""Page 38"","""",""gewöhnliche""";
"Highlight (Yellow),""Page 38"","""",""dienen""";
"Highlight (Yellow),""Page 38"","""",""Allerschlimmsten""";
"Highlight (Yellow),""Page 38"","""",""fähiger""";
"Highlight (Yellow),""Page 38"","""",""Gaben""";
"Highlight (Yellow),""Page 38"","""",""verbrecherischen""";
"Highlight (Yellow),""Page 38"","""",""Rasenplatz""";
"Highlight (Yellow),""Page 39"","""",""grimmiger""";
"Highlight (Yellow),""Page 39"","""",""Miene""";
"Highlight (Yellow),""Page 39"","""",""finster""";
"Highlight (Yellow),""Page 39"","""",""zusammengezogenen""";
"Highlight (Yellow),""Page 39"","""",""Brauen""";
"Highlight (Yellow),""Page 39"","""",""Schauplatz""";
"Highlight (Yellow),""Page 39"","""",""verließen.""";
"Highlight (Yellow),""Page 39"","""",""aber weder ich noch Miss Stoner mochten ihn durch eine Frage in seinen Gedanken stören, bis er selbst sich dem tiefen Nachsinnen entriss.""";
"Highlight (Yellow),""Page 39"","""",""Hinsicht""";
"Highlight (Yellow),""Page 39"","""",""leisten.«""";
"Highlight (Yellow),""Page 39"","""",""gestatten.""";
"Highlight (Yellow),""Page 39"","""",""hängt""";
"Highlight (Yellow),""Page 39"","""",""unbedingten""";
"Highlight (Yellow),""Page 39"","""",""Gehorsam""";
"Highlight (Yellow),""Page 39"","""",""ab.«""";
"Highlight (Yellow),""Page 39"","""",""verbringen.«""";
"Highlight (Yellow),""Page 39"","""",""verwundert""";
"Highlight (Yellow),""Page 39"","""",""»Jawohl,""";
"Highlight (Yellow),""Page 39"","""",""Nähere""";
"Highlight (Yellow),""Page 39"","""",""drüben""";
"Highlight (Yellow),""Page 39"","""",""Dorfwirtshaus?«""";
"Highlight (Yellow),""Page 39"","""",""Sieht""";
"Highlight (Yellow),""Page 40"","""",""aus?«""";
"Highlight (Yellow),""Page 40"","""",""vorschützen""";
"Highlight (Yellow),""Page 40"","""",""Riegel""";
"Highlight (Yellow),""Page 40"","""",""Windlicht""";
"Highlight (Yellow),""Page 40"","""",""Zeichen""";
"Highlight (Yellow),""Page 40"","""",""Stille""";
"Highlight (Yellow),""Page 40"","""",""trotz""";
"Highlight (Yellow),""Page 40"","""",""Bauarbeiten""";
"Highlight (Yellow),""Page 40"","""",""einrichten.«""";
"Highlight (Yellow),""Page 40"","""",""überlassen""";
"Highlight (Yellow),""Page 40"","""",""haben""";
"Highlight (Yellow),""Page 40"","""",""vor?«""";
"Highlight (Yellow),""Page 40"","""",""Spur""";
"Highlight (Yellow),""Page 40"","""",""Verdacht,""";
"Highlight (Yellow),""Page 40"","""",""schuld""";
"Highlight (Yellow),""Page 41"","""",""Beweise""";
"Highlight (Yellow),""Page 41"","""",""wenigstens""";
"Highlight (Yellow),""Page 41"","""",""erfahren,""";
"Highlight (Yellow),""Page 41"","""",""Ansicht""";
"Highlight (Yellow),""Page 41"","""",""zutrifft,""";
"Highlight (Yellow),""Page 41"","""",""Überzeugung""";
"Highlight (Yellow),""Page 41"","""",""lag""";
"Highlight (Yellow),""Page 41"","""",""greifbare""";
"Highlight (Yellow),""Page 41"","""",""Ursache""";
"Highlight (Yellow),""Page 41"","""",""vor.""";
"Highlight (Yellow),""Page 41"","""",""denn wenn Dr. Roylott zurückkäme und uns sähe, wäre unser ganzer Besuch umsonst gewesen.""";
"Highlight (Yellow),""Page 41"","""",""tapfer";"
Highlight (Yellow)"",""Page 41"","""",""Gefahren"""
"Highlight (Yellow),""Page 41"","""",""geräumt""";
"Highlight (Yellow),""Page 41"","""",""Drüben""";
"Highlight (Yellow),""Page 41"","""",""verschafften""";
"Highlight (Yellow),""Page 41"","""",""hinüberschauten.""";
"Highlight (Yellow),""Page 41"","""",""empor""";
"Highlight (Yellow),""Page 41"","""",""schmächtigen""";
"Highlight (Yellow),""Page 41"","""",""Burschen,""";
"Highlight (Yellow),""Page 41"","""",""lenkte.""";
"Highlight (Yellow),""Page 41"","""",""Gittertor""";
"Highlight (Yellow),""Page 41"","""",""aufbrachte,""";
"Highlight (Yellow),""Page 41"","""",""wütend""";
"Highlight (Yellow),""Page 41"","""",""einschreien,""";
"Highlight (Yellow),""Page 41"","""",""geballten""";
"Highlight (Yellow),""Page 41"","""",""Laubwerk""";
"Highlight (Yellow),""Page 41"","""",""zunehmenden""";
"Highlight (Yellow),""Page 41"","""",""beisammen""";
"Highlight (Yellow),""Page 41"","""",""saßen,""";
"Highlight (Yellow),""Page 42"","""",""Nutzen""";
"Highlight (Yellow),""Page 42"","""",""Gegenwart""";
"Highlight (Yellow),""Page 42"","""",""unbezahlbarem""";
"Highlight (Yellow),""Page 42"","""",""selbstverständlich""";
"Highlight (Yellow),""Page 42"","""",""Schlüsse""";
"Highlight (Yellow),""Page 42"","""",""abgeleitet.""";
"Highlight (Yellow),""Page 42"","""",""Zweck""";
"Highlight (Yellow),""Page 42"","""",""gestehe""";
"Highlight (Yellow),""Page 42"","""",""ehrlich.«""";
"Highlight (Yellow),""Page 42"","""",""Öffnung,""";
"Highlight (Yellow),""Page 42"","""",""Ungewöhnliches.""";
"Highlight (Yellow),""Page 42"","""",""Ratte""";
"Highlight (Yellow),""Page 42"","""",""durchschlüpfen""";
"Highlight (Yellow),""Page 42"","""",""ehe""";
"Highlight (Yellow),""Page 42"","""",""solches""";
"Highlight (Yellow),""Page 43"","""",""gewiss,""";
"Highlight (Yellow),""Page 43"","""",""berichtete,""";
"Highlight (Yellow),""Page 43"","""",""gerichtlichen""";
"Highlight (Yellow),""Page 43"","""",""merkwürdiges""";
"Highlight (Yellow),""Page 43"","""",""Zusammentreffen,""";
"Highlight (Yellow),""Page 43"","""",""befestigt""";
"Highlight (Yellow),""Page 43"","""",""Kommt""";
"Highlight (Yellow),""Page 43"","""",""auffallend""";
"Highlight (Yellow),""Page 43"","""",""vor?«""";
"Highlight (Yellow),""Page 43"","""",""vermag""";
"Highlight (Yellow),""Page 43"","""",""angenagelt.""";
"Highlight (Yellow),""Page 43"","""",""allerdings""";
"Highlight (Yellow),""Page 43"","""",""sonst""";
"Highlight (Yellow),""Page 43"","""",""rücken.""";
"Highlight (Yellow),""Page 44"","""",""Seil""";
"Highlight (Yellow),""Page 44"","""",""offenbar""";
"Highlight (Yellow),""Page 44"","""",""abgesehen""";
"Highlight (Yellow),""Page 44"","""",""dämmert""";
"Highlight (Yellow),""Page 44"","""",""allmählich""";
"Highlight (Yellow),""Page 44"","""",""raffiniert""";
"Highlight (Yellow),""Page 44"","""",""ausgedachtes""";
"Highlight (Yellow),""Page 44"","""",""Verbrechen""";
"Highlight (Yellow),""Page 44"","""",""verhindern.«""";
"Highlight (Yellow),""Page 44"","""",""Vorteile";"
Highlight (Yellow)"",""Page 44"","""",""besitzt"""
"Highlight (Yellow),""Page 44"","""",""nötigen""";
"Highlight (Yellow),""Page 44"","""",""zwar""";
"Highlight (Yellow),""Page 44"","""",""berüchtigte""";
"Highlight (Yellow),""Page 44"","""",""Schatten,""";
"Highlight (Yellow),""Page 44"","""",""wagen,""";
"Highlight (Yellow),""Page 44"","""",""Aufregung,""";
"Highlight (Yellow),""Page 44"","""",""Gemütlichkeit""";
"Highlight (Yellow),""Page 44"","""",""Heiteres""";
"Highlight (Yellow),""Page 44"","""",""dahingeschlichen,""";
"Highlight (Yellow),""Page 45"","""",""blies""";
"Highlight (Yellow),""Page 45"","""",""bereits""";
"Highlight (Yellow),""Page 45"","""",""Leitstern""";
"Highlight (Yellow),""Page 45"","""",""unheimlichen""";
"Highlight (Yellow),""Page 45"","""",""Gliederverrenkungen""";
"Highlight (Yellow),""Page 50"","""",""den die Gestalt der Schlange im Scheine des Streichholzes auf sie gemacht hatte,""";
"Highlight (Yellow),""Page 52"","""",""Richtigkeit""";
"Highlight (Yellow),""Page 52"","""",""Auffassung""";
"Highlight (Yellow),""Page 52"","""",""zischen""";
"Highlight (Yellow),""Page 52"","""",""gleichfalls""";
"Highlight (Yellow),""Page 52"","""",""augenblicklich""";
"Highlight (Yellow),""Page 52"","""",""Folge""";
"Highlight (Yellow),""Page 52"","""",""schleunigst""";
"Highlight (Yellow),""Page 52"","""",""davon""";
"Highlight (Yellow),""Page 52"","""",""stürzte.""";
"Highlight (Yellow),""Page 52"","""",""Gerte""";
"Highlight (Yellow),""Page 52"","""",""Bösartigkeit,""";
"Highlight (Yellow),""Page 53"","""",""Nächstbesten""";
"Highlight (Yellow),""Page 53"","""",""Beziehung""";
"Highlight (Yellow),""Page 53"","""",""zweifellos""";
"Highlight (Yellow),""Page 53"","""",""mittelbar""";
"Highlight (Yellow),""Page 53"","""",""kaum,""";
"Highlight (Yellow),""Page 53"","""",""Gewissen""";
"Highlight (Yellow),""Page 53"","""",""sonderlich""";
"Highlight (Yellow),""Page 53"","""",""bedrücken""";
"Highlight (Yellow),""Page 53"","""",""einsame""";
"Highlight (Yellow),""Page 53"","""",""Leser""";
"Highlight (Yellow),""Page 53"","""",""mitten""";
"Highlight (Yellow),""Page 53"","""",""wahrhaftig""";
"Highlight (Yellow),""Page 53"","""",""getragen.«""";
"Highlight (Yellow),""Page 53"","""",""Blatt""";
"Highlight (Yellow),""Page 53"","""",""sinken""";
"Highlight (Yellow),""Page 53"","""",""Ferne.""";
"Highlight (Yellow),""Page 53"","""",""verwahrloste""";
"Highlight (Yellow),""Page 53"","""",""Gemäuer""";
"Highlight (Yellow),""Page 53"","""",""Weile""";
"Highlight (Yellow),""Page 53"","""",""Einzelheiten""";
"Highlight (Yellow),""Page 53"","""",""Schreckensnacht.""";
"Highlight (Yellow),""Page 53"","""",""Gewissheit,""";
"Highlight (Yellow),""Page 53"","""",""Miene""";
"Highlight (Yellow),""Page 53"","""",""Ausgabe""";
"Highlight (Yellow),""Page 53"","""",""merkwürdige""";
